id,chat_room_id,user_id,content,sent_at
f1756666-9812-482b-8390-3985e98a1298,69cc8aa5-e13b-417c-9369-54916be831a9,fc1b7d29-6aeb-432b-9354-7e4c65f15d4e,"Maecenas ut massa quis augue luctus tincidunt. Nulla mollis molestie lorem. Quisque ut erat.

Curabitur gravida nisi at nibh. In hac habitasse platea dictumst. Aliquam augue quam, sollicitudin vitae, consectetuer eget, rutrum at, lorem.

Integer tincidunt ante vel ipsum. Praesent blandit lacinia erat. Vestibulum sed magna at nunc commodo placerat.",2024-02-17T12:54:33+00:00
f2556a5b-22aa-4721-956d-89867cb6a5a7,69cc8aa5-e13b-417c-9369-54916be831a9,d2792a62-86a4-4c49-a909-b1e762c683a3,"Sed ante. Vivamus tortor. Duis mattis egestas metus.

Aenean fermentum. Donec ut mauris eget massa tempor convallis. Nulla neque libero, convallis eget, eleifend luctus, ultricies eu, nibh.

Quisque id justo sit amet sapien dignissim vestibulum. Vestibulum ante ipsum primis in faucibus orci luctus et ultrices posuere cubilia Curae; Nulla dapibus dolor vel est. Donec odio justo, sollicitudin ut, suscipit a, feugiat et, eros.",2024-02-17T12:54:33+00:00
8b75ed8f-a6ee-4e66-ae27-9b3e27a66c41,69cc8aa5-e13b-417c-9369-54916be831a9,fc1b7d29-6aeb-432b-9354-7e4c65f15d4e,"Fusce posuere felis sed lacus. Morbi sem mauris, laoreet ut, rhoncus aliquet, pulvinar sed, nisl. Nunc rhoncus dui vel sem.

Sed sagittis. Nam congue, risus semper porta volutpat, quam pede lobortis ligula, sit amet eleifend pede libero quis orci. Nullam molestie nibh in lectus.

Pellentesque at nulla. Suspendisse potenti. Cras in purus eu magna vulputate luctus.",2024-02-17T12:54:41+00:00
3f9f904e-3a99-4be7-af56-5d3b5ee4efe2,69cc8aa5-e13b-417c-9369-54916be831a9,d2792a62-86a4-4c49-a909-b1e762c683a3,"In hac habitasse platea dictumst. Morbi vestibulum, velit id pretium iaculis, diam erat fermentum justo, nec condimentum neque sapien placerat ante. Nulla justo.",2024-02-17T12:54:36+00:00
2f366ff0-25f4-4d5a-9f57-3c0c94e85d40,69cc8aa5-e13b-417c-9369-54916be831a9,fc1b7d29-6aeb-432b-9354-7e4c65f15d4e,"Nullam sit amet turpis elementum ligula vehicula consequat. Morbi a ipsum. Integer a nibh.

In quis justo. Maecenas rhoncus aliquam lacus. Morbi quis tortor id nulla ultrices aliquet.

Maecenas leo odio, condimentum id, luctus nec, molestie sed, justo. Pellentesque viverra pede ac diam. Cras pellentesque volutpat dui.

Maecenas tristique, est et tempus semper, est quam pharetra magna, ac consequat metus sapien ut nunc. Vestibulum ante ipsum primis in faucibus orci luctus et ultrices posuere cubilia Curae; Mauris viverra diam vitae quam. Suspendisse potenti.",2024-02-17T12:54:35+00:00
cd7dc1e6-3707-4fa0-aace-689ebd894f6c,69cc8aa5-e13b-417c-9369-54916be831a9,d2792a62-86a4-4c49-a909-b1e762c683a3,"Cum sociis natoque penatibus et magnis dis parturient montes, nascetur ridiculus mus. Vivamus vestibulum sagittis sapien. Cum sociis natoque penatibus et magnis dis parturient montes, nascetur ridiculus mus.",2024-02-17T12:54:33+00:00
9aeb322a-13e9-4565-ae9b-8df99c113536,69cc8aa5-e13b-417c-9369-54916be831a9,fc1b7d29-6aeb-432b-9354-7e4c65f15d4e,"Duis bibendum. Morbi non quam nec dui luctus rutrum. Nulla tellus.

In sagittis dui vel nisl. Duis ac nibh. Fusce lacus purus, aliquet at, feugiat non, pretium quis, lectus.

Suspendisse potenti. In eleifend quam a odio. In hac habitasse platea dictumst.",2024-02-17T12:54:42+00:00
e70da85f-18cd-4023-acd2-2e877211f802,69cc8aa5-e13b-417c-9369-54916be831a9,d2792a62-86a4-4c49-a909-b1e762c683a3,"Aliquam quis turpis eget elit sodales scelerisque. Mauris sit amet eros. Suspendisse accumsan tortor quis turpis.

Sed ante. Vivamus tortor. Duis mattis egestas metus.

Aenean fermentum. Donec ut mauris eget massa tempor convallis. Nulla neque libero, convallis eget, eleifend luctus, ultricies eu, nibh.",2024-02-17T12:54:33+00:00
a0b64935-db31-4c75-b6aa-68920113435e,69cc8aa5-e13b-417c-9369-54916be831a9,fc1b7d29-6aeb-432b-9354-7e4c65f15d4e,"Quisque porta volutpat erat. Quisque erat eros, viverra eget, congue eget, semper rutrum, nulla. Nunc purus.

Phasellus in felis. Donec semper sapien a libero. Nam dui.

Proin leo odio, porttitor id, consequat in, consequat ut, nulla. Sed accumsan felis. Ut at dolor quis odio consequat varius.

Integer ac leo. Pellentesque ultrices mattis odio. Donec vitae nisi.",2024-02-17T12:54:33+00:00
934744a2-2100-41fd-bf65-9037d9ce8494,69cc8aa5-e13b-417c-9369-54916be831a9,d2792a62-86a4-4c49-a909-b1e762c683a3,"Sed ante. Vivamus tortor. Duis mattis egestas metus.

Aenean fermentum. Donec ut mauris eget massa tempor convallis. Nulla neque libero, convallis eget, eleifend luctus, ultricies eu, nibh.

Quisque id justo sit amet sapien dignissim vestibulum. Vestibulum ante ipsum primis in faucibus orci luctus et ultrices posuere cubilia Curae; Nulla dapibus dolor vel est. Donec odio justo, sollicitudin ut, suscipit a, feugiat et, eros.",2024-02-28T08:33:37+00:00
82b32f5b-8bbe-48ef-8f04-ef3debaaa858,69cc8aa5-e13b-417c-9369-54916be831a9,fc1b7d29-6aeb-432b-9354-7e4c65f15d4e,"Fusce posuere felis sed lacus. Morbi sem mauris, laoreet ut, rhoncus aliquet, pulvinar sed, nisl. Nunc rhoncus dui vel sem.

Sed sagittis. Nam congue, risus semper porta volutpat, quam pede lobortis ligula, sit amet eleifend pede libero quis orci. Nullam molestie nibh in lectus.

Pellentesque at nulla. Suspendisse potenti. Cras in purus eu magna vulputate luctus.",2024-02-17T12:55:55+00:00
27f4916d-b54a-4753-a37d-135b09ddcacd,69cc8aa5-e13b-417c-9369-54916be831a9,d2792a62-86a4-4c49-a909-b1e762c683a3,Duis consequat dui nec nisi volutpat eleifend. Donec ut dolor. Morbi vel lectus in quam fringilla rhoncus.,2024-02-17T12:55:00+00:00
95bb415b-bb11-4c01-98a6-a694b50792ae,69cc8aa5-e13b-417c-9369-54916be831a9,fc1b7d29-6aeb-432b-9354-7e4c65f15d4e,"Sed ante. Vivamus tortor. Duis mattis egestas metus.

Aenean fermentum. Donec ut mauris eget massa tempor convallis. Nulla neque libero, convallis eget, eleifend luctus, ultricies eu, nibh.

Quisque id justo sit amet sapien dignissim vestibulum. Vestibulum ante ipsum primis in faucibus orci luctus et ultrices posuere cubilia Curae; Nulla dapibus dolor vel est. Donec odio justo, sollicitudin ut, suscipit a, feugiat et, eros.

Vestibulum ac est lacinia nisi venenatis tristique. Fusce congue, diam id ornare imperdiet, sapien urna pretium nisl, ut volutpat sapien arcu sed augue. Aliquam erat volutpat.",2024-02-17T12:56:08+00:00
e13cf82b-9bdc-4d64-be30-b9fdec189b4e,69cc8aa5-e13b-417c-9369-54916be831a9,d2792a62-86a4-4c49-a909-b1e762c683a3,Duis bibendum. Morbi non quam nec dui luctus rutrum. Nulla tellus.,2024-02-17T12:54:33+00:00
51993df9-2f42-4ded-bc81-d8644bcdaa53,69cc8aa5-e13b-417c-9369-54916be831a9,fc1b7d29-6aeb-432b-9354-7e4c65f15d4e,"Suspendisse potenti. In eleifend quam a odio. In hac habitasse platea dictumst.

Maecenas ut massa quis augue luctus tincidunt. Nulla mollis molestie lorem. Quisque ut erat.

Curabitur gravida nisi at nibh. In hac habitasse platea dictumst. Aliquam augue quam, sollicitudin vitae, consectetuer eget, rutrum at, lorem.",2024-02-18T03:21:06+00:00
85bb16e8-e241-4e9a-9ff1-a83547638b7e,69cc8aa5-e13b-417c-9369-54916be831a9,d2792a62-86a4-4c49-a909-b1e762c683a3,"Phasellus in felis. Donec semper sapien a libero. Nam dui.

Proin leo odio, porttitor id, consequat in, consequat ut, nulla. Sed accumsan felis. Ut at dolor quis odio consequat varius.

Integer ac leo. Pellentesque ultrices mattis odio. Donec vitae nisi.

Nam ultrices, libero non mattis pulvinar, nulla pede ullamcorper augue, a suscipit nulla elit ac nulla. Sed vel enim sit amet nunc viverra dapibus. Nulla suscipit ligula in lacus.",2024-02-17T12:55:58+00:00
f7490f78-4923-43be-868a-772236655fb3,69cc8aa5-e13b-417c-9369-54916be831a9,fc1b7d29-6aeb-432b-9354-7e4c65f15d4e,"Aenean lectus. Pellentesque eget nunc. Donec quis orci eget orci vehicula condimentum.

Curabitur in libero ut massa volutpat convallis. Morbi odio odio, elementum eu, interdum eu, tincidunt in, leo. Maecenas pulvinar lobortis est.

Phasellus sit amet erat. Nulla tempus. Vivamus in felis eu sapien cursus vestibulum.

Proin eu mi. Nulla ac enim. In tempor, turpis nec euismod scelerisque, quam turpis adipiscing lorem, vitae mattis nibh ligula nec sem.

Duis aliquam convallis nunc. Proin at turpis a pede posuere nonummy. Integer non velit.",2024-02-17T12:54:33+00:00
e33515e5-582a-4263-9331-765643b9acb2,69cc8aa5-e13b-417c-9369-54916be831a9,d2792a62-86a4-4c49-a909-b1e762c683a3,"Duis consequat dui nec nisi volutpat eleifend. Donec ut dolor. Morbi vel lectus in quam fringilla rhoncus.

Mauris enim leo, rhoncus sed, vestibulum sit amet, cursus id, turpis. Integer aliquet, massa id lobortis convallis, tortor risus dapibus augue, vel accumsan tellus nisi eu orci. Mauris lacinia sapien quis libero.

Nullam sit amet turpis elementum ligula vehicula consequat. Morbi a ipsum. Integer a nibh.

In quis justo. Maecenas rhoncus aliquam lacus. Morbi quis tortor id nulla ultrices aliquet.

Maecenas leo odio, condimentum id, luctus nec, molestie sed, justo. Pellentesque viverra pede ac diam. Cras pellentesque volutpat dui.",2024-02-17T12:54:33+00:00
7175e63e-6a03-4019-b7f4-1c7be3213325,69cc8aa5-e13b-417c-9369-54916be831a9,fc1b7d29-6aeb-432b-9354-7e4c65f15d4e,"Duis bibendum. Morbi non quam nec dui luctus rutrum. Nulla tellus.

In sagittis dui vel nisl. Duis ac nibh. Fusce lacus purus, aliquet at, feugiat non, pretium quis, lectus.

Suspendisse potenti. In eleifend quam a odio. In hac habitasse platea dictumst.

Maecenas ut massa quis augue luctus tincidunt. Nulla mollis molestie lorem. Quisque ut erat.",2024-02-17T14:54:08+00:00
0462199e-f612-4ad0-aa3e-46267e017ba5,69cc8aa5-e13b-417c-9369-54916be831a9,d2792a62-86a4-4c49-a909-b1e762c683a3,"Sed sagittis. Nam congue, risus semper porta volutpat, quam pede lobortis ligula, sit amet eleifend pede libero quis orci. Nullam molestie nibh in lectus.

Pellentesque at nulla. Suspendisse potenti. Cras in purus eu magna vulputate luctus.",2024-02-22T21:17:52+00:00
